1,Anna,Müller,Berlin,19.05.2018
2,Max,Schmidt,Hamburg,01.01.2022
3,Lena,Schneider,München,12.11.2013
4,Paul,Fischer,Köln,13.08.2012
5,Laura,Weber,Frankfurt am Main,08.01.2017
6,Tim,Wagner,München,10.10.2014
7,Sophie,Becker,Stuttgart,21.09.2023
8,Jonas,Hoffmann,Düsseldorf,19.09.2012
9,Marie,Schäfer,München,14.06.2015
10,Leon,Koch,Bremen,09.05.2022
11,Clara,Bauer,Hannover,10.10.2025
12,Felix,Richter,München,04.09.2022
13,Julia,Klein,Nürnberg,26.02.2024
14,Noah,Wolf,Dortmund,06.02.2012
15,Emma,Neumann,München,21.07.2016
16,Elias,Schwarz,Essen,19.05.2018
17,Mia,Braun,Leipzig,22.01.2025
18,Luca,Hartmann,München,19.12.2014
19,Amelie,Lange,Dresden,21.09.2019
20,David,Schmitt,Bonn,25.07.2013
21,Johanna,Werner,München,28.05.2025
22,Philipp,Krause,Mannheim,21.09.2018
23,Luisa,Maier,Augsburg,03.06.2012
24,Tom,Huber,München,27.09.2025
25,Clara,Fuchs,Wiesbaden,22.07.2017
26,Jan,Peters,München,23.06.2013
27,Isabell,Scholz,Bielefeld,07.10.2015
28,Matthias,Moser,München,09.04.2019
29,Helena,Seidel,Karlsruhe,23.01.2013
30,Daniel,Engel,München,03.05.2019
31,Franziska,Bergmann,München,05.11.2020
32,Markus,Schreiber,München,19.03.2017
33,Carolin,Schuster,München,03.09.2014
34,Stefan,Jäger,München,19.01.2013
35,Antonia,Keller,München,20.05.2012
36,Johannes,Schramm,München,25.09.2025
37,Veronika,Voigt,München,07.06.2012
38,Simon,Arnold,München,25.11.2018
39,Melanie,Busch,München,15.10.2022
40,Patrick,Kirchner,München,25.03.2014
41,Isabel,Franke,Berlin,05.12.2019
42,Oliver,Albrecht,Hamburg,06.04.2024
43,Vanessa,Brandt,Köln,19.09.2022
44,Christian,Heinrich,Frankfurt am Main,27.04.2022
45,Nina,Simon,Stuttgart,03.06.2015
46,Robert,Beck,Düsseldorf,28.06.2018
47,Carina,Ott,Bremen,03.11.2018
48,Michael,Ludwig,Hannover,23.03.2013
49,Sarah,Heinz,Nürnberg,01.09.2025
50,Johann,Ulrich,Dortmund,01.09.2016
51,Leonie,Reuter,Bielefeld,14.12.2023
52,Andreas,Schindler,Essen,09.05.2019
53,Helene,Link,Bielefeld,25.06.2016
54,Martin,Weiss,Stuttgart,05.08.2018
55,Claudia,Schubert,Karlsruhe,11.08.2015
56,Alexander,Barth,Dortmund,14.09.2015
57,Petra,Schröder,Düsseldorf,24.05.2011
58,Thorsten,Reinhardt,Mannheim,14.06.2022
59,Anja,Paulsen,Düsseldorf,06.08.2011
60,Holger,Heinemann,Nürnberg,11.07.2019
61,Katja,Schlegel,Köln,06.10.2025
62,Georg,Behrens,Bonn,25.01.2016
63,Marina,Schütte,Nürnberg,19.06.2023
64,Dirk,Hein,Mannheim,23.06.2015
65,Heike,Schiller,Düsseldorf,14.09.2023
66,Ulrich,Schrader,Düsseldorf,12.04.2013
67,Kristin,Becker,Berlin,12.09.2025
68,Marco,Schreiner,Bonn,18.09.2017
69,Stefanie,Schütz,Stuttgart,25.11.2020
70,Johannes,Schramme,Karlsruhe,18.01.2015
71,Corinna,Ulmer,Hannover,13.12.2024
72,Henrik,Beckmann,Leipzig,30.06.2024
73,Annelie,Schreiter,Düsseldorf,09.12.2022
74,Thomas,Schürmann,Dresden,12.11.2016
75,Marcel,Schleicher,Dresden,18.07.2014
76,Daniela,Schweiger,Wiesbaden,01.11.2022
77,Heinrich,Reich,Stuttgart,04.03.2025
78,Carola,Schweitzer,Augsburg,19.05.2012
79,Florian,Schürer,Dortmund,12.02.2025
80,Jennifer,Schrammel,Essen,09.03.2013
81,Steffen,Schramberger,Karlsruhe,07.08.2016
82,Marie,Schweizer,Karlsruhe,28.05.2020
83,Johanna,Schrammer,Leipzig,06.06.2012
84,Peter,Schweighofer,Karlsruhe,07.08.2025
85,Annika,Schweikert,Wiesbaden,04.07.2013
86,Konstantin,Schürholz,Nürnberg,08.11.2016
87,Elena,Schürmann,Düsseldorf,13.07.2019
88,Jonas,Schürer,Karlsruhe,15.12.2017
89,Helena,Schrammel,Augsburg,19.08.2013
90,Patrick,Schürholz,Hannover,03.10.2022
91,Laura,Schürer,Nürnberg,07.05.2014
92,Michael,Schrammel,Dortmund,23.01.2020
93,Julia,Schürholz,München,31.05.2011
94,Tim,Schürer,Bremen,17.10.2019
95,Clara,Schrammel,Bonn,17.08.2017
96,Leon,Schürholz,Karlsruhe,13.09.2013
97,Amelie,Schürer,Bremen,13.01.2022
98,David,Schrammel,Stuttgart,15.02.2023
99,Luisa,Schürholz,Bonn,26.10.2024
100,Tom,Schürer,Karlsruhe,06.07.2011
101,Isabell,Schrammel,Nürnberg,11.07.2023
102,Matthias,Schürholz,Mannheim,23.07.2022
103,Daniel,Schürer,Köln,06.02.2013
104,Franziska,Schrammel,Dresden,12.09.2016
105,Markus,Schürholz,Berlin,13.09.2014
106,Carolin,Schürer,Karlsruhe,27.04.2011
107,Stefan,Schrammel,Leipzig,22.01.2024
108,Antonia,Schürholz,Dortmund,10.09.2022
109,Veronika,Schürer,Bielefeld,15.05.2012
110,Simon,Schrammel,Bielefeld,09.02.2025
111,Melanie,Schürholz,Dortmund,03.02.2015
112,Isabel,Schürer,Hamburg,04.09.2021
113,Oliver,Schrammel,Wiesbaden,11.03.2025
114,Vanessa,Schürholz,Bonn,20.07.2020
115,Christian,Schürer,Dortmund,23.10.2019
116,Nina,Schrammel,Bonn,19.12.2017
117,Robert,Schürholz,Frankfurt am Main,06.11.2016
118,Carina,Schürer,Karlsruhe,23.03.2020
119,Sarah,Schrammel,Nürnberg,30.03.2025
120,Johann,Schürholz,Hamburg,01.08.2011
121,Leonie,Reuter,Dortmund,17.05.2025
122,Andreas,Schindler,Bremen,07.04.2019
123,Helene,Link,Köln,27.01.2025
124,Martin,Weiss,Nürnberg,02.07.2023
125,Claudia,Schubert,Hannover,29.12.2012
126,Alexander,Barth,Bremen,30.12.2011
127,Petra,Schröder,Karlsruhe,12.12.2021
128,Thorsten,Reinhardt,Nürnberg,20.12.2024
129,Anja,Paulsen,Dresden,18.12.2021
130,Holger,Heinemann,Karlsruhe,11.11.2012
131,Katja,Schlegel,Hamburg,23.12.2013
132,Georg,Behrens,Dresden,06.08.2015
133,Marina,Schütte,Essen,01.02.2024
134,Dirk,Hein,Stuttgart,04.02.2017
135,Heike,Schiller,Mannheim,08.01.2013
136,Ulrich,Schrader,Hamburg,21.05.2025
137,Kristin,Becker,Mannheim,23.10.2017
138,Marco,Schreiner,Hannover,04.02.2012
139,Stefanie,Schütz,Hamburg,12.07.2020
140,Johannes,Schramme,Stuttgart,29.11.2016
141,Corinna,Ulmer,Dresden,09.09.2018
142,Henrik,Beckmann,Frankfurt am Main,25.06.2022
143,Annelie,Schreiter,Frankfurt am Main,18.11.2013
144,Thomas,Schürmann,Hamburg,24.04.2019
145,Marcel,Schleicher,Bonn,14.11.2011
146,Daniela,Schweiger,Bonn,03.07.2015
147,Heinrich,Reich,Augsburg,05.04.2012
148,Carola,Schweitzer,Dortmund,22.09.2018
149,Florian,Schürer,Berlin,02.09.2020
150,Jennifer,Schrammel,Wiesbaden,07.10.2011
151,Steffen,Schramberger,Dresden,19.03.2025
152,Marie,Schweizer,Berlin,06.09.2023
153,Johanna,Schrammer,Berlin,22.02.2024
154,Peter,Schweighofer,Stuttgart,06.02.2019
155,Annika,Schweikert,Karlsruhe,22.10.2011
156,Konstantin,Schürholz,Hamburg,29.08.2013
157,Elena,Schürmann,Frankfurt am Main,22.04.2014
158,Jonas,Schürer,Nürnberg,28.09.2018
159,Helena,Schrammel,Mannheim,03.04.2022
160,Patrick,Schürholz,Essen,09.07.2011
161,Laura,Schürer,Bonn,04.07.2012
162,Michael,Schrammel,Dresden,09.04.2019
163,Julia,Schürholz,Essen,01.04.2024
164,Tim,Schürer,Stuttgart,01.01.2018
165,Clara,Schrammel,Essen,23.07.2013
166,Leon,Schürholz,Hamburg,01.10.2016
167,Amelie,Schürer,Frankfurt am Main,15.05.2018
168,David,Schrammel,Essen,01.02.2025
169,Luisa,Schürholz,Bielefeld,21.09.2014
170,Tom,Schürer,München,22.05.2011
171,Isabell,Schrammel,Stuttgart,03.10.2020
172,Matthias,Schürholz,Karlsruhe,20.04.2015
173,Daniel,Schürer,Dortmund,05.01.2025
174,Franziska,Schrammel,Mannheim,29.08.2019
175,Markus,Schürholz,Leipzig,06.07.2024
176,Carolin,Schürer,Karlsruhe,10.07.2012
177,Stefan,Schrammel,München,08.02.2015
178,Antonia,Schürholz,Essen,12.05.2012
179,Veronika,Schürer,München,27.03.2011
180,Simon,Schrammel,Augsburg,01.10.2020
181,Melanie,Schürholz,Frankfurt am Main,19.02.2019
182,Isabel,Schürer,Bremen,10.07.2014
183,Oliver,Schrammel,Köln,23.07.2024
184,Vanessa,Schürholz,München,11.09.2015
185,Christian,Schürer,Leipzig,09.12.2011
186,Nina,Schrammel,Leipzig,15.02.2022
187,Robert,Schürholz,Karlsruhe,02.01.2013
188,Carina,Schürer,Mannheim,11.07.2012
189,Sarah,Schrammel,Hannover,16.05.2012
190,Johann,Schürholz,Nürnberg,22.04.2014
191,Leonie,Reuter,Essen,23.10.2014
192,Andreas,Schindler,Dresden,17.07.2015
193,Helene,Link,Mannheim,05.01.2012
194,Martin,Weiss,Stuttgart,27.08.2019
195,Claudia,Schubert,Bremen,03.10.2017
196,Alexander,Barth,Hamburg,12.03.2017
197,Petra,Schröder,Hannover,04.04.2014
198,Thorsten,Reinhardt,München,17.10.2013
199,Anja,Paulsen,Frankfurt am Main,08.08.2025
200,Holger,Heinemann,Karlsruhe,04.09.2018
201,Katja,Schlegel,Karlsruhe,16.04.2018
202,Georg,Behrens,Augsburg,02.08.2024
203,Marina,Schütte,Düsseldorf,13.05.2025
204,Dirk,Hein,Leipzig,08.03.2012
205,Heike,Schiller,Düsseldorf,18.11.2015
206,Ulrich,Schrader,Nürnberg,17.04.2019
207,Kristin,Becker,Frankfurt am Main,28.12.2020
208,Marco,Schreiner,Dortmund,26.01.2019
209,Stefanie,Schütz,Karlsruhe,02.07.2018
210,Johannes,Schramme,Karlsruhe,04.04.2020
211,Corinna,Ulmer,Hamburg,12.07.2017
212,Henrik,Beckmann,Leipzig,21.09.2023
213,Annelie,Schreiter,Essen,17.09.2015
214,Thomas,Schürmann,Dresden,06.03.2021
215,Marcel,Schleicher,Wiesbaden,11.11.2015
216,Daniela,Schweiger,Leipzig,30.03.2012
217,Heinrich,Reich,Hamburg,14.12.2022
218,Carola,Schweitzer,Dortmund,28.02.2018
219,Florian,Schürer,Dresden,22.02.2019
220,Jennifer,Schrammel,Essen,07.08.2017
221,Steffen,Schramberger,Bremen,17.05.2011
222,Marie,Schweizer,Hannover,26.08.2014
223,Johanna,Schrammer,Mannheim,06.09.2019
224,Peter,Schweighofer,München,22.10.2023
225,Annika,Schweikert,Leipzig,06.12.2013
226,Konstantin,Schürholz,Stuttgart,15.03.2021
227,Elena,Schürmann,Bielefeld,26.12.2015
228,Jonas,Schürer,Stuttgart,13.10.2020
229,Helena,Schrammel,Hamburg,23.12.2012
230,Patrick,Schürholz,Hamburg,09.04.2020
231,Laura,Schürer,Hamburg,25.10.2023
232,Michael,Schrammel,Bonn,24.07.2021
233,Julia,Schürholz,Leipzig,23.08.2016
234,Tim,Schürer,Bremen,24.03.2018
235,Clara,Schrammel,Frankfurt am Main,11.10.2014
236,Leon,Schürholz,Stuttgart,30.01.2025
237,Amelie,Schürer,München,11.01.2013
238,David,Schrammel,Berlin,10.03.2022
239,Luisa,Schürholz,Bonn,20.05.2011
240,Tom,Schürer,Düsseldorf,13.03.2022
241,Isabell,Schrammel,Hamburg,24.01.2019
242,Matthias,Schürholz,Karlsruhe,09.09.2012
243,Daniel,Schürer,Köln,05.03.2019
244,Franziska,Schrammel,Augsburg,20.01.2012
245,Markus,Schürholz,Bremen,11.04.2019
246,Carolin,Schürer,Nürnberg,02.09.2022
247,Stefan,Schrammel,Nürnberg,29.09.2020
248,Antonia,Schürholz,Bielefeld,22.05.2019
249,Veronika,Schürer,Wiesbaden,11.07.2015
250,Simon,Schrammel,Dortmund,20.06.2016