1,Anna,Müller,Berlin
2,Max,Schmidt,Hamburg
3,Lena,Schneider,München
4,Paul,Fischer,Köln
5,Laura,Weber,Frankfurt am Main
6,Tim,Wagner,München
7,Sophie,Becker,Stuttgart
8,Jonas,Hoffmann,Düsseldorf
9,Marie,Schäfer,München
10,Leon,Koch,Bremen
11,Clara,Bauer,Hannover
12,Felix,Richter,München
13,Julia,Klein,Nürnberg
14,Noah,Wolf,Dortmund
15,Emma,Neumann,München
16,Elias,Schwarz,Essen
17,Mia,Braun,Leipzig
18,Luca,Hartmann,München
19,Amelie,Lange,Dresden
20,David,Schmitt,Bonn
21,Johanna,Werner,München
22,Philipp,Krause,Mannheim
23,Luisa,Maier,Augsburg
24,Tom,Huber,München
25,Clara,Fuchs,Wiesbaden
26,Jan,Peters,München
27,Isabell,Scholz,Bielefeld
28,Matthias,Moser,München
29,Helena,Seidel,Karlsruhe
30,Daniel,Engel,München
31,Franziska,Bergmann,München
32,Markus,Schreiber,München
33,Carolin,Schuster,München
34,Stefan,Jäger,München
35,Antonia,Keller,München
36,Johannes,Schramm,München
37,Veronika,Voigt,München
38,Simon,Arnold,München
39,Melanie,Busch,München
40,Patrick,Kirchner,München
41,Isabel,Franke,Berlin
42,Oliver,Albrecht,Hamburg
43,Vanessa,Brandt,Köln
44,Christian,Heinrich,Frankfurt am Main
45,Nina,Simon,Stuttgart
46,Robert,Beck,Düsseldorf
47,Carina,Ott,Bremen
48,Michael,Ludwig,Hannover
49,Sarah,Heinz,Nürnberg
50,Johann,Ulrich,Dortmund
51,Leonie,Reuter,Essen
52,Andreas,Schindler,Leipzig
53,Helene,Link,Dresden
54,Martin,Weiss,Bonn
55,Claudia,Schubert,Mannheim
56,Alexander,Barth,Augsburg
57,Petra,Schröder,Wiesbaden
58,Thorsten,Reinhardt,Bielefeld
59,Anja,Paulsen,Karlsruhe
60,Holger,Heinemann,Berlin
61,Katja,Schlegel,Hamburg
62,Georg,Behrens,Köln
63,Marina,Schütte,Frankfurt am Main
64,Dirk,Hein,Stuttgart
65,Heike,Schiller,Düsseldorf
66,Ulrich,Schrader,Bremen
67,Kristin,Becker,Hannover
68,Marco,Schreiner,Nürnberg
69,Stefanie,Schütz,Dortmund
70,Johannes,Schramme,Essen
71,Corinna,Schiller,Leipzig
72,Henrik,Ulmer,Dresden
73,Annelie,Beckmann,Bonn
74,Thomas,Schreiter,Mannheim
75,Marcel,Schürmann,Augsburg
76,Daniela,Schleicher,Wiesbaden
77,Heinrich,Schweiger,Bielefeld
78,Carola,Reich,Karlsruhe
79,Florian,Schweitzer,Berlin
80,Jennifer,Schürer,Hamburg
81,Steffen,Reuter,Köln
82,Marie,Schrammel,Frankfurt am Main
83,Johanna,Schürmann,Stuttgart
84,Peter,Schlegel,Düsseldorf
85,Annika,Schürholz,Bremen
86,Konstantin,Schramberger,Hannover
87,Elena,Schürer,Nürnberg
88,Jonas,Schweizer,Dortmund
89,Helena,Schürmann,Essen
90,Patrick,Schrammer,Leipzig
91,Laura,Schürer,Dresden
92,Michael,Schweikert,Bonn
93,Julia,Schürholz,Mannheim
94,Tim,Schweitzer,Augsburg
95,Clara,Schrammel,Wiesbaden
96,Leon,Schürmann,Bielefeld
97,Amelie,Schweighofer,Karlsruhe
98,David,Schürer,Berlin
99,Luisa,Schrammer,Hamburg
100,Paul,Schweiger,Köln
101,Anna,Schürmann,Frankfurt am Main
102,Max,Schweikert,Stuttgart
103,Lena,Schrammel,Düsseldorf
104,Jonas,Schürer,Bremen
105,Marie,Schweitzer,Hannover
106,Leon,Schürholz,Nürnberg
107,Clara,Schweiger,Dortmund
108,Tim,Schürmann,Essen
109,Sophie,Schrammer,Leipzig
110,Paul,Schweighofer,Dresden
111,Laura,Schürer,Bonn
112,Tom,Schweitzer,Mannheim
113,Emma,Schrammel,Augsburg
114,Elias,Schürholz,Wiesbaden
115,Mia,Schweiger,Bielefeld
116,Luca,Schürmann,Karlsruhe
117,Amelie,Schweikert,Berlin
118,David,Schürer,Hamburg
119,Johanna,Schrammel,Köln
120,Philipp,Schweitzer,Frankfurt am Main
121,Luisa,Schürholz,Stuttgart
122,Tom,Schweiger,Düsseldorf
123,Clara,Schürmann,Bremen
124,Jan,Schweikert,Hannover
125,Isabell,Schürer,Nürnberg
126,Matthias,Schrammel,Dortmund
127,Helena,Schweitzer,Essen
128,Daniel,Schürholz,Leipzig
129,Franziska,Schweiger,Dresden
130,Markus,Schürmann,Bonn
131,Carolin,Schweikert,Mannheim
132,Stefan,Schürer,Augsburg
133,Antonia,Schrammel,Wiesbaden
134,Johannes,Schweitzer,Bielefeld
135,Veronika,Schürholz,Karlsruhe
136,Simon,Schweiger,Berlin
137,Melanie,Schürmann,Hamburg
138,Patrick,Schweikert,Köln
139,Isabel,Schürer,Frankfurt am Main
140,Oliver,Schrammel,Stuttgart
141,Vanessa,Schweitzer,Düsseldorf
142,Christian,Schürholz,Bremen
143,Nina,Schweiger,Hannover
144,Robert,Schürmann,Nürnberg
145,Carina,Schweikert,Dortmund
146,Michael,Schürer,Essen
147,Sarah,Schrammel,Leipzig
148,Johann,Schweitzer,Dresden
149,Leonie,Schürholz,Bonn
150,Andreas,Schweiger,Mannheim
151,Helene,Schürmann,Augsburg
152,Martin,Schweikert,Wiesbaden
153,Claudia,Schürer,Bielefeld
154,Alexander,Schrammel,Karlsruhe
155,Petra,Schweitzer,Berlin
156,Thorsten,Schürholz,Hamburg
157,Anja,Schweiger,Köln
158,Holger,Schürmann,Frankfurt am Main
159,Katja,Schweikert,Stuttgart
160,Georg,Schürer,Düsseldorf
161,Marina,Schrammel,Bremen
162,Dirk,Schweitzer,Hannover
163,Heike,Schürholz,Nürnberg
164,Ulrich,Schweiger,Dortmund
165,Kristin,Schürmann,Essen
166,Marco,Schweikert,Leipzig
167,Stefanie,Schürer,Dresden
168,Johannes,Schrammel,Bonn
169,Corinna,Schweitzer,Mannheim
170,Henrik,Schürholz,Augsburg
171,Annelie,Schweiger,Wiesbaden
172,Thomas,Schürmann,Bielefeld
173,Marcel,Schweikert,Karlsruhe
174,Daniela,Schürer,Berlin
175,Heinrich,Schrammel,Hamburg
176,Carola,Schweitzer,Köln
177,Florian,Schürholz,Frankfurt am Main
178,Jennifer,Schweiger,Stuttgart
179,Steffen,Schürmann,Düsseldorf
180,Marie,Schweikert,Bremen
181,Johanna,Schürer,Hannover
182,Peter,Schrammel,Nürnberg
183,Annika,Schweitzer,Dortmund
184,Konstantin,Schürholz,Essen
185,Elena,Schweiger,Leipzig
186,Jonas,Schürmann,Dresden
187,Helena,Schweikert,Bonn
188,Patrick,Schürer,Mannheim
189,Laura,Schrammel,Augsburg
190,Michael,Schweitzer,Wiesbaden
191,Julia,Schürholz,Bielefeld
192,Tim,Schweiger,Karlsruhe
193,Clara,Schürmann,Berlin
194,Leon,Schweikert,Hamburg
195,Amelie,Schürer,Köln
196,David,Schrammel,Frankfurt am Main
197,Luisa,Schweitzer,Stuttgart
198,Tom,Schürholz,Düsseldorf
199,Clara,Schweiger,Bremen
200,Jan,Schürmann,Hannover
201,Isabell,Schweikert,Nürnberg
202,Matthias,Schürer,Dortmund
203,Helena,Schrammel,Essen
204,Daniel,Schweitzer,Leipzig
205,Franziska,Schürholz,Dresden
206,Markus,Schweiger,Bonn
207,Carolin,Schürmann,Mannheim
208,Stefan,Schweikert,Augsburg
209,Antonia,Schürer,Wiesbaden
210,Johannes,Schrammel,Bielefeld
211,Veronika,Schweitzer,Karlsruhe
212,Simon,Schürholz,Berlin
213,Melanie,Schweiger,Hamburg
214,Patrick,Schürmann,Köln
215,Isabel,Schweikert,Frankfurt am Main
216,Oliver,Schürer,Stuttgart
217,Vanessa,Schrammel,Düsseldorf
218,Christian,Schweitzer,Bremen
219,Nina,Schürholz,Hannover
220,Robert,Schweiger,Nürnberg
221,Carina,Schürmann,Dortmund
222,Michael,Schweikert,Essen
223,Sarah,Schürer,Leipzig
224,Johann,Schrammel,Dresden
225,Leonie,Schweitzer,Bonn
226,Andreas,Schürholz,Mannheim
227,Helene,Schweiger,Augsburg
228,Martin,Schürmann,Wiesbaden
229,Claudia,Schweikert,Bielefeld
230,Alexander,Schürer,Karlsruhe
231,Petra,Schrammel,Berlin
232,Thorsten,Schweitzer,Hamburg
233,Anja,Schürholz,Köln
234,Holger,Schweiger,Frankfurt am Main
235,Katja,Schürmann,Stuttgart
236,Georg,Schweikert,Düsseldorf
237,Marina,Schürer,Bremen
238,Dirk,Schrammel,Hannover
239,Heike,Schweitzer,Nürnberg
240,Ulrich,Schürholz,Dortmund
241,Kristin,Schweiger,Essen
242,Marco,Schürmann,Leipzig
243,Stefanie,Schweikert,Dresden
244,Johannes,Schürer,Bonn
245,Corinna,Schrammel,Mannheim
246,Henrik,Schweitzer,Augsburg
247,Annelie,Schürholz,München
248,Thomas,Schweiger,Bielefeld
249,Marcel,Schürmann,Karlsruhe
250,Daniela,Schweikert,München