1;Anna;Müller;Berlin;19.05.18;Premium
2;Max;Schmidt;Hamburg;01.01.22;Basic
3;Lena;Schneider;München;12.11.13;Premium
4;Paul;Fischer;Köln;13.08.12;Premium
5;Laura;Weber;Frankfurt am Main;08.01.17;Premium
6;Tim;Wagner;München;10.10.14;Premium
7;Sophie;Becker;Stuttgart;21.09.23;Basic
8;Jonas;Hoffmann;Düsseldorf;19.09.12;Premium
9;Marie;Schäfer;München;14.06.15;Premium
10;Leon;Koch;Bremen;09.05.22;Basic
11;Clara;Bauer;Hannover;10.10.25;Basic
12;Felix;Richter;München;04.09.22;Basic
13;Julia;Klein;Nürnberg;26.02.24;Basic
14;Noah;Wolf;Dortmund;06.02.12;Premium
15;Emma;Neumann;München;21.07.16;Premium
16;Elias;Schwarz;Essen;19.05.18;Premium
17;Mia;Braun;Leipzig;22.01.25;Basic
18;Luca;Hartmann;München;19.12.14;Premium
19;Amelie;Lange;Dresden;21.09.19;Basic
20;David;Schmitt;Bonn;25.07.13;Premium
21;Johanna;Werner;München;28.05.25;Basic
22;Philipp;Krause;Mannheim;21.09.18;Premium
23;Luisa;Maier;Augsburg;03.06.12;Premium
24;Tom;Huber;München;27.09.25;Basic
25;Clara;Fuchs;Wiesbaden;22.07.17;Premium
26;Jan;Peters;München;23.06.13;Premium
27;Isabell;Scholz;Bielefeld;07.10.15;Premium
28;Matthias;Moser;München;09.04.19;Basic
29;Helena;Seidel;Karlsruhe;23.01.13;Premium
30;Daniel;Engel;München;03.05.19;Basic
31;Franziska;Bergmann;München;05.11.20;Basic
32;Markus;Schreiber;München;19.03.17;Premium
33;Carolin;Schuster;München;03.09.14;Premium
34;Stefan;Jäger;München;19.01.13;Premium
35;Antonia;Keller;München;20.05.12;Premium
36;Johannes;Schramm;München;25.09.25;Basic
37;Veronika;Voigt;München;07.06.12;Premium
38;Simon;Arnold;München;25.11.18;Premium
39;Melanie;Busch;München;15.10.22;Basic
40;Patrick;Kirchner;München;25.03.14;Premium
41;Isabel;Franke;Berlin;05.12.19;Basic
42;Oliver;Albrecht;Hamburg;06.04.24;Basic
43;Vanessa;Brandt;Köln;19.09.22;Basic
44;Christian;Heinrich;Frankfurt am Main;27.04.22;Basic
45;Nina;Simon;Stuttgart;03.06.15;Premium
46;Robert;Beck;Düsseldorf;28.06.18;Premium
47;Carina;Ott;Bremen;03.11.18;Premium
48;Michael;Ludwig;Hannover;23.03.13;Premium
49;Sarah;Heinz;Nürnberg;01.09.25;Basic
50;Johann;Ulrich;Dortmund;01.09.16;Premium
51;Leonie;Reuter;Bielefeld;14.12.23;Basic
52;Andreas;Schindler;Essen;09.05.19;Basic
53;Helene;Link;Bielefeld;25.06.16;Premium
54;Martin;Weiss;Stuttgart;05.08.18;Premium
55;Claudia;Schubert;Karlsruhe;11.08.15;Premium
56;Alexander;Barth;Dortmund;14.09.15;Premium
57;Petra;Schröder;Düsseldorf;24.05.11;Premium
58;Thorsten;Reinhardt;Mannheim;14.06.22;Basic
59;Anja;Paulsen;Düsseldorf;06.08.11;Premium
60;Holger;Heinemann;Nürnberg;11.07.19;Basic
61;Katja;Schlegel;Köln;06.10.25;Basic
62;Georg;Behrens;Bonn;25.01.16;Premium
63;Marina;Schütte;Nürnberg;19.06.23;Basic
64;Dirk;Hein;Mannheim;23.06.15;Premium
65;Heike;Schiller;Düsseldorf;14.09.23;Basic
66;Ulrich;Schrader;Düsseldorf;12.04.13;Premium
67;Kristin;Becker;Berlin;12.09.25;Basic
68;Marco;Schreiner;Bonn;18.09.17;Premium
69;Stefanie;Schütz;Stuttgart;25.11.20;Basic
70;Johannes;Schramme;Karlsruhe;18.01.15;Premium
71;Corinna;Ulmer;Hannover;13.12.24;Basic
72;Henrik;Beckmann;Leipzig;30.06.24;Basic
73;Annelie;Schreiter;Düsseldorf;09.12.22;Basic
74;Thomas;Schürmann;Dresden;12.11.16;Premium
75;Marcel;Schleicher;Dresden;18.07.14;Premium
76;Daniela;Schweiger;Wiesbaden;01.11.22;Basic
77;Heinrich;Reich;Stuttgart;04.03.25;Basic
78;Carola;Schweitzer;Augsburg;19.05.12;Premium
79;Florian;Schürer;Dortmund;12.02.25;Basic
80;Jennifer;Schrammel;Essen;09.03.13;Premium
81;Steffen;Schramberger;Karlsruhe;07.08.16;Premium
82;Marie;Schweizer;Karlsruhe;28.05.20;Basic
83;Johanna;Schrammer;Leipzig;06.06.12;Premium
84;Peter;Schweighofer;Karlsruhe;07.08.25;Basic
85;Annika;Schweikert;Wiesbaden;04.07.13;Premium
86;Konstantin;Schürholz;Nürnberg;08.11.16;Premium
87;Elena;Schürmann;Düsseldorf;13.07.19;Basic
88;Jonas;Schürer;Karlsruhe;15.12.17;Premium
89;Helena;Schrammel;Augsburg;19.08.13;Premium
90;Patrick;Schürholz;Hannover;03.10.22;Basic
91;Laura;Schürer;Nürnberg;07.05.14;Premium
92;Michael;Schrammel;Dortmund;23.01.20;Basic
93;Julia;Schürholz;München;31.05.11;Premium
94;Tim;Schürer;Bremen;17.10.19;Basic
95;Clara;Schrammel;Bonn;17.08.17;Premium
96;Leon;Schürholz;Karlsruhe;13.09.13;Premium
97;Amelie;Schürer;Bremen;13.01.22;Basic
98;David;Schrammel;Stuttgart;15.02.23;Basic
99;Luisa;Schürholz;Bonn;26.10.24;Basic
100;Tom;Schürer;Karlsruhe;06.07.11;Premium
101;Isabell;Schrammel;Nürnberg;11.07.23;Basic
102;Matthias;Schürholz;Mannheim;23.07.22;Basic
103;Daniel;Schürer;Köln;06.02.13;Premium
104;Franziska;Schrammel;Dresden;12.09.16;Premium
105;Markus;Schürholz;Berlin;13.09.14;Premium
106;Carolin;Schürer;Karlsruhe;27.04.11;Premium
107;Stefan;Schrammel;Leipzig;22.01.24;Basic
108;Antonia;Schürholz;Dortmund;10.09.22;Basic
109;Veronika;Schürer;Bielefeld;15.05.12;Premium
110;Simon;Schrammel;Bielefeld;09.02.25;Basic
111;Melanie;Schürholz;Dortmund;03.02.15;Premium
112;Isabel;Schürer;Hamburg;04.09.21;Basic
113;Oliver;Schrammel;Wiesbaden;11.03.25;Basic
114;Vanessa;Schürholz;Bonn;20.07.20;Basic
115;Christian;Schürer;Dortmund;23.10.19;Basic
116;Nina;Schrammel;Bonn;19.12.17;Premium
117;Robert;Schürholz;Frankfurt am Main;06.11.16;Premium
118;Carina;Schürer;Karlsruhe;23.03.20;Basic
119;Sarah;Schrammel;Nürnberg;30.03.25;Basic
120;Johann;Schürholz;Hamburg;01.08.11;Premium
121;Leonie;Reuter;Dortmund;17.05.25;Basic
122;Andreas;Schindler;Bremen;07.04.19;Basic
123;Helene;Link;Köln;27.01.25;Basic
124;Martin;Weiss;Nürnberg;02.07.23;Basic
125;Claudia;Schubert;Hannover;29.12.12;Premium
126;Alexander;Barth;Bremen;30.12.11;Premium
127;Petra;Schröder;Karlsruhe;12.12.21;Basic
128;Thorsten;Reinhardt;Nürnberg;20.12.24;Basic
129;Anja;Paulsen;Dresden;18.12.21;Basic
130;Holger;Heinemann;Karlsruhe;11.11.12;Premium
131;Katja;Schlegel;Hamburg;23.12.13;Premium
132;Georg;Behrens;Dresden;06.08.15;Premium
133;Marina;Schütte;Essen;01.02.24;Basic
134;Dirk;Hein;Stuttgart;04.02.17;Premium
135;Heike;Schiller;Mannheim;08.01.13;Premium
136;Ulrich;Schrader;Hamburg;21.05.25;Basic
137;Kristin;Becker;Mannheim;23.10.17;Premium
138;Marco;Schreiner;Hannover;04.02.12;Premium
139;Stefanie;Schütz;Hamburg;12.07.20;Basic
140;Johannes;Schramme;Stuttgart;29.11.16;Premium
141;Corinna;Ulmer;Dresden;09.09.18;Premium
142;Henrik;Beckmann;Frankfurt am Main;25.06.22;Basic
143;Annelie;Schreiter;Frankfurt am Main;18.11.13;Premium
144;Thomas;Schürmann;Hamburg;24.04.19;Basic
145;Marcel;Schleicher;Bonn;14.11.11;Premium
146;Daniela;Schweiger;Bonn;03.07.15;Premium
147;Heinrich;Reich;Augsburg;05.04.12;Premium
148;Carola;Schweitzer;Dortmund;22.09.18;Premium
149;Florian;Schürer;Berlin;02.09.20;Basic
150;Jennifer;Schrammel;Wiesbaden;07.10.11;Premium
151;Steffen;Schramberger;Dresden;19.03.25;Basic
152;Marie;Schweizer;Berlin;06.09.23;Basic
153;Johanna;Schrammer;Berlin;22.02.24;Basic
154;Peter;Schweighofer;Stuttgart;06.02.19;Basic
155;Annika;Schweikert;Karlsruhe;22.10.11;Premium
156;Konstantin;Schürholz;Hamburg;29.08.13;Premium
157;Elena;Schürmann;Frankfurt am Main;22.04.14;Premium
158;Jonas;Schürer;Nürnberg;28.09.18;Premium
159;Helena;Schrammel;Mannheim;03.04.22;Basic
160;Patrick;Schürholz;Essen;09.07.11;Premium
161;Laura;Schürer;Bonn;04.07.12;Premium
162;Michael;Schrammel;Dresden;09.04.19;Basic
163;Julia;Schürholz;Essen;01.04.24;Basic
164;Tim;Schürer;Stuttgart;01.01.18;Premium
165;Clara;Schrammel;Essen;23.07.13;Premium
166;Leon;Schürholz;Hamburg;01.10.16;Premium
167;Amelie;Schürer;Frankfurt am Main;15.05.18;Premium
168;David;Schrammel;Essen;01.02.25;Basic
169;Luisa;Schürholz;Bielefeld;21.09.14;Premium
170;Tom;Schürer;München;22.05.11;Premium
171;Isabell;Schrammel;Stuttgart;03.10.20;Basic
172;Matthias;Schürholz;Karlsruhe;20.04.15;Premium
173;Daniel;Schürer;Dortmund;05.01.25;Basic
174;Franziska;Schrammel;Mannheim;29.08.19;Basic
175;Markus;Schürholz;Leipzig;06.07.24;Basic
176;Carolin;Schürer;Karlsruhe;10.07.12;Premium
177;Stefan;Schrammel;München;08.02.15;Premium
178;Antonia;Schürholz;Essen;12.05.12;Premium
179;Veronika;Schürer;München;27.03.11;Premium
180;Simon;Schrammel;Augsburg;01.10.20;Basic
181;Melanie;Schürholz;Frankfurt am Main;19.02.19;Basic
182;Isabel;Schürer;Bremen;10.07.14;Premium
183;Oliver;Schrammel;Köln;23.07.24;Basic
184;Vanessa;Schürholz;München;11.09.15;Premium
185;Christian;Schürer;Leipzig;09.12.11;Premium
186;Nina;Schrammel;Leipzig;15.02.22;Basic
187;Robert;Schürholz;Karlsruhe;02.01.13;Premium
188;Carina;Schürer;Mannheim;11.07.12;Premium
189;Sarah;Schrammel;Hannover;16.05.12;Premium
190;Johann;Schürholz;Nürnberg;22.04.14;Premium
191;Leonie;Reuter;Essen;23.10.14;Premium
192;Andreas;Schindler;Dresden;17.07.15;Premium
193;Helene;Link;Mannheim;05.01.12;Premium
194;Martin;Weiss;Stuttgart;27.08.19;Basic
195;Claudia;Schubert;Bremen;03.10.17;Premium
196;Alexander;Barth;Hamburg;12.03.17;Premium
197;Petra;Schröder;Hannover;04.04.14;Premium
198;Thorsten;Reinhardt;München;17.10.13;Premium
199;Anja;Paulsen;Frankfurt am Main;08.08.25;Basic
200;Holger;Heinemann;Karlsruhe;04.09.18;Premium
201;Katja;Schlegel;Karlsruhe;16.04.18;Premium
202;Georg;Behrens;Augsburg;02.08.24;Basic
203;Marina;Schütte;Düsseldorf;13.05.25;Basic
204;Dirk;Hein;Leipzig;08.03.12;Premium
205;Heike;Schiller;Düsseldorf;18.11.15;Premium
206;Ulrich;Schrader;Nürnberg;17.04.19;Basic
207;Kristin;Becker;Frankfurt am Main;28.12.20;Basic
208;Marco;Schreiner;Dortmund;26.01.19;Basic
209;Stefanie;Schütz;Karlsruhe;02.07.18;Premium
210;Johannes;Schramme;Karlsruhe;04.04.20;Basic
211;Corinna;Ulmer;Hamburg;12.07.17;Premium
212;Henrik;Beckmann;Leipzig;21.09.23;Basic
213;Annelie;Schreiter;Essen;17.09.15;Premium
214;Thomas;Schürmann;Dresden;06.03.21;Basic
215;Marcel;Schleicher;Wiesbaden;11.11.15;Premium
216;Daniela;Schweiger;Leipzig;30.03.12;Premium
217;Heinrich;Reich;Hamburg;14.12.22;Basic
218;Carola;Schweitzer;Dortmund;28.02.18;Premium
219;Florian;Schürer;Dresden;22.02.19;Basic
220;Jennifer;Schrammel;Essen;07.08.17;Premium
221;Steffen;Schramberger;Bremen;17.05.11;Premium
222;Marie;Schweizer;Hannover;26.08.14;Premium
223;Johanna;Schrammer;Mannheim;06.09.19;Basic
224;Peter;Schweighofer;München;22.10.23;Basic
225;Annika;Schweikert;Leipzig;06.12.13;Premium
226;Konstantin;Schürholz;Stuttgart;15.03.21;Basic
227;Elena;Schürmann;Bielefeld;26.12.15;Premium
228;Jonas;Schürer;Stuttgart;13.10.20;Basic
229;Helena;Schrammel;Hamburg;23.12.12;Premium
230;Patrick;Schürholz;Hamburg;09.04.20;Basic
231;Laura;Schürer;Hamburg;25.10.23;Basic
232;Michael;Schrammel;Bonn;24.07.21;Basic
233;Julia;Schürholz;Leipzig;23.08.16;Premium
234;Tim;Schürer;Bremen;24.03.18;Premium
235;Clara;Schrammel;Frankfurt am Main;11.10.14;Premium
236;Leon;Schürholz;Stuttgart;30.01.25;Basic
237;Amelie;Schürer;München;11.01.13;Premium
238;David;Schrammel;Berlin;10.03.22;Basic
239;Luisa;Schürholz;Bonn;20.05.11;Premium
240;Tom;Schürer;Düsseldorf;13.03.22;Basic
241;Isabell;Schrammel;Hamburg;24.01.19;Basic
242;Matthias;Schürholz;Karlsruhe;09.09.12;Premium
243;Daniel;Schürer;Köln;05.03.19;Basic
244;Franziska;Schrammel;Augsburg;20.01.12;Premium
245;Markus;Schürholz;Bremen;11.04.19;Basic
246;Carolin;Schürer;Nürnberg;02.09.22;Basic
247;Stefan;Schrammel;Nürnberg;29.09.20;Basic
248;Antonia;Schürholz;Bielefeld;22.05.19;Basic
249;Veronika;Schürer;Wiesbaden;11.07.15;Premium
250;Simon;Schrammel;Dortmund;20.06.16;Premium